order,ID,sex,haplogroupmtDNA,Population Code,haplogR-M207oup Y chR-M207omosome,DYS19,DYS385a,DYS385b,DYS385sum,DYS389I,DYS389II,DYS390,DYS391,DYS392,DYS393,DYS437,DYS438,DYS439,DYS448,DYS456,DYS458,DYS481,DYS533,DYS549,DYS570,DYS576,DYS635,DYS643,YGATAH4,,,,,,,
FALSE,TUM01,M,B2b,Tumbes,R-M207,--,--,--,--,--,--,--,--,--,--,--,--,--,--,--,--,--,--,--,--,--,--,--,--,,,,,,,
FALSE,TUM02,M,A2+(64),Tumbes,Q-M3,13,14,17,31,14,31,24,10,14,11,14,11,11,20,15,16,25,12,13,18,19,23,10,12,,,,,,,
FALSE,TUM03,M,B2b,Tumbes,R-M207,--,--,--,--,--,--,--,--,--,--,--,--,--,--,--,--,--,--,--,--,--,--,--,--,,,,,,,
FALSE,TUM04,M,A2+(64),Tumbes,Q-M3,13,17,18,35,13,29,24,10,14,13,14,11,14,20,15,16,25,10,14,20,19,23,10,13,,,,,,,
FALSE,TUM05,M,A2+(64),Tumbes,Q-M242*,13,15,17,32,13,29,24,10,14,13,14,11,12,19,16,16,25,11,12,17,18,22,11,11,,,,,,,
FALSE,TUM06,M,C,Tumbes,R-M207,--,--,--,--,--,--,--,--,--,--,--,--,--,--,--,--,--,--,--,--,--,--,--,--,,,,,,,
FALSE,TUM07,M,A2+(64)+@153,Tumbes,E-P170,--,--,--,--,--,--,--,--,--,--,--,--,--,--,--,--,--,--,--,--,--,--,--,--,,,,,,,
FALSE,TUM08,M,B2b,Tumbes,Q,--,--,--,--,--,--,--,--,--,--,--,--,--,--,--,--,--,--,--,--,--,--,--,--,,,,,,,
FALSE,TUM09,M,A2+(64)+@153,Tumbes,R-M207,--,--,--,--,--,--,--,--,--,--,--,--,--,--,--,--,--,--,--,--,--,--,--,--,,,,,,,
FALSE,TUM10,M,D1,Tumbes,KLT-M9 (xQR-M207-M45),--,--,--,--,--,--,--,--,--,--,--,--,--,--,--,--,--,--,--,--,--,--,--,--,,,,,,,
FALSE,TUM11,M,B2b,Tumbes,Q-M3,13,13,18,31,12,31,24,10,15,13,14,12,12,20,15,16,25,12,12,17,18,22,10,11,,,,,,,
FALSE,TUM12,M,A2+(64)+@153,Tumbes,Q-M3,13,14,15,29,13,30,24,10,14,13,14,11,12,19,15,19,23,11,12,17,19,23,10,12,,,,,,,
FALSE,TUM13,M,D1,Tumbes,"FTdeR-M207,KTanc",--,--,--,--,--,--,--,--,--,--,--,--,--,--,--,--,--,--,--,--,--,--,--,--,,,,,,,
FALSE,TUM14,M,--,Tumbes,Q-M3,13,13,17,30,14,31,25,11,14,13,14,11,13,21,16,16,26,11,12,18,17,22,10,11,,,,,,,
FALSE,TUM15,M,H6a1b2,Tumbes,Q-M3,14,15,16,31,13,32,23,10,14,13,14,11,13,20,16,16,27,13,12,17,17,22,10,11,,,,,,,
FALSE,TUM16,M,A2+(64),Tumbes,"FTdeR-M207,KTanc",--,--,--,--,--,--,--,--,--,--,--,--,--,--,--,--,--,--,--,--,--,--,--,--,,,,,,,
FALSE,TUM17,M,C1d1,Tumbes,Q-M3,13,15,15,30,14,34,24,11,14,13,14,11,12,21,16,16,26,12,12,16,17,22,10,12,,,,,,,
FALSE,TUM18,M,L1c2b1b*1,Tumbes,R-M207,--,--,--,--,--,--,--,--,--,--,--,--,--,--,--,--,--,--,--,--,--,--,--,--,,,,,,,
FALSE,TUM19,M,A2+(64),Tumbes,R-M207,--,--,--,--,--,--,--,--,--,--,--,--,--,--,--,--,--,--,--,--,--,--,--,--,,,,,,,
FALSE,TUM20,M,B2,Tumbes,R-M207,--,--,--,--,--,--,--,--,--,--,--,--,--,--,--,--,--,--,--,--,--,--,--,--,,,,,,,
FALSE,TUM21,M,B2q,Tumbes,Q-M3,13,14,18,32,14,31,23,10,16,14,14,11,14,20,15,16,25,11,12,16,19,22,10,12,,,,,,,
FALSE,TUM22,M,B2b,Tumbes,E-P170,--,--,--,--,--,--,--,--,--,--,--,--,--,--,--,--,--,--,--,--,--,--,--,--,,,,,,,
FALSE,TUM23,M,B2b,Tumbes,KLT-M9 (xQR-M207-M45),--,--,--,--,--,--,--,--,--,--,--,--,--,--,--,--,--,--,--,--,--,--,--,--,,,,,,,
FALSE,TUM24,M,L2b1a3,Tumbes,R-M207,--,--,--,--,--,--,--,--,--,--,--,--,--,--,--,--,--,--,--,--,--,--,--,--,,,,,,,
FALSE,TUM25,M,C,Tumbes,R-M207,--,--,--,--,--,--,--,--,--,--,--,--,--,--,--,--,--,--,--,--,--,--,--,--,,,,,,,
FALSE,TUM26,M,A2+(64),Tumbes,Q-M3,13,14,17,31,14,31,24,10,14,11,14,11,11,19,15,17,24,12,13,17,17,23,10,12,,,,,,,
FALSE,TUM27,M,B2b,Tumbes,Q-M3,13,13,17,30,13,31,23,10,14,13,15,11,12,20,15,16,23,13,14,18,19,22,10,12,,,,,,,
FALSE,TUM28,M,L3d3a1a,Tumbes,Q,--,--,--,--,--,--,--,--,--,--,--,--,--,--,--,--,--,--,--,--,--,--,--,--,,,,,,,
FALSE,TUM29,M,B2b,Tumbes,R-M207,--,--,--,--,--,--,--,--,--,--,--,--,--,--,--,--,--,--,--,--,--,--,--,--,,,,,,,
FALSE,TUM30,F,B2b,Tumbes,--,--,--,--,--,--,--,--,--,--,--,--,--,--,--,--,--,--,--,--,--,--,--,--,--,,,,,,,
FALSE,TUM31,M,B2,Tumbes,E-P170,--,--,--,--,--,--,--,--,--,--,--,--,--,--,--,--,--,--,--,--,--,--,--,--,,,,,,,
FALSE,TUM32,M,C,Tumbes,Q,--,--,--,--,--,--,--,--,--,--,--,--,--,--,--,--,--,--,--,--,--,--,--,--,,,,,,,
FALSE,PIU01,M,C,Piura,Q-M3,13,14,17,31,14,31,24,10,14,11,14,11,11,21,15,17,24,12,13,17,17,23,10,12,,,,,,,
FALSE,PIU02,M,A2+(64),Piura,Q-M3,14,13,14,27,13,32,25,10,12.2,14,14,11,13,20,15,17,25,11,12,18,19,22,10,12,,,,,,,
FALSE,PIU03,M,A2+(64),Piura,Q-M3,13,14,17,31,14,31,24,10,14,11,14,11,11,20,15,17,25,12,13,18,19,23,10,12,,,,,,,
FALSE,PIU04,M,B2b,Piura,Q-M3,14,14,16,30,14,31,25,10,14,13,14,11,12,20,15,16,24,11,13,16,16,22,10,12,,,,,,,
FALSE,PIU05,M,A2+(64),Piura,Q-M3,13,14,17,31,13,30,24,10,14,13,14,11,12,19,15,16,27,11,12,17,17,20,10,11,,,,,,,
FALSE,PIU06,M,B2b,Piura,Q-M3,14,14,15,29,14,31,25,10,14,13,14,11,12,20,15,16,24,11,13,16,16,22,10,12,,,,,,,
FALSE,PIU07,M,B2b,Piura,Q-M3,13,14,18,32,13,30,25,10,15,13,14,11,12,19,16,15,26,11,12,17,17,20,10,12,,,,,,,
FALSE,PIU08,M,B2b,Piura,Q-M3,13,14,17,31,14,31,24,10,14,11,14,11,11,20,15,17,25,12,13,19,19,23,10,12,,,,,,,
FALSE,PIU09,M,D1,Piura,Q-M3,13,14,17,31,14,31,24,10,14,11,14,11,11,20,15,17,24,12,13,17,18,23,10,12,,,,,,,
FALSE,PIU10,M,D1,Piura,Q-M3,12,14,17,31,13,30,24,10,14,13,14,11,12,19,15,16,27,13,13,16,17,20,10,12,,,,,,,
FALSE,PIU11,M,C,Piura,Q-M3,13,14,17,31,14,31,24,10,14,11,14,11,11,20,15,17,25,12,13,18,19,24,10,12,,,,,,,
FALSE,PIU12,M,B2b+152,Piura,Q-M3,14,13,14,27,13,32,25,10,12.2,14,14,11,13,20,15,17,25,11,12,18,19,22,10,12,,,,,,,
FALSE,PIU13,M,A2+(64),Piura,Q-M3,13,14,17,31,14,31,24,10,15,13,14,11,12,19,15,15,27,11,12,17,17,20,10,12,,,,,,,
FALSE,PIU14,M,A2+(64),Piura,Q-M3,13,13,18,31,12,31,24,10,15,13,14,12,12,20,15,16,25,12,12,17,19,22,10,11,,,,,,,
FALSE,PIU15,M,A2+(64),Piura,Q-M3,13,14,17,31,14,31,24,10,14,11,14,11,11,20,18,17,24,12,13,17,19,23,10,12,,,,,,,
FALSE,PIU16,M,B2,Piura,R-M207,--,--,--,--,--,--,--,--,--,--,--,--,--,--,--,--,--,--,--,--,--,--,--,--,,,,,,,
FALSE,PIU17,M,L1c1d1,Piura,R-M207,--,--,--,--,--,--,--,--,--,--,--,--,--,--,--,--,--,--,--,--,--,--,--,--,,,,,,,
FALSE,PIU18,M,--,Piura,Q-M3,13,13,18,31,12,31,24,11,15,13,14,12,12,20,15,16,25,12,12,17,19,22,10,11,,,,,,,
FALSE,PIU19,M,B2b,Piura,Q-M242*,13,15,17,32,13,29,23,10,14,13,14,11,12,19,15,16,27,11,12,17,18,22,10,11,,,,,,,
FALSE,PIU20,M,B2b,Piura,Q-M3,13,14,19,33,13,32,23,10,14,14,15,11,13,20,17,16,23,12,13,18,20,22,10,12,,,,,,,
FALSE,PIU21,M,B2b,Piura,Q-M3,14,16,19,35,14,32,24,10,14,13,14,11,10,20,15,16,24,11,12,17,18,22,11,11,,,,,,,
FALSE,PIU22,M,A2,Piura,R-M207,--,--,--,--,--,--,--,--,--,--,--,--,--,--,--,--,--,--,--,--,--,--,--,--,,,,,,,
FALSE,PIU23,M,A2+(64),Piura,Q-M3,13,14,18,32,13,30,24,10,15,13,14,11,12,20,17,17,28,11,12,17,17,24,10,12,,,,,,,
FALSE,PIU24,M,C,Piura,Q-M3,14,15,15,30,14,30,24,10,14,14,14,12,12,20,15,16,25,11,13,16,18,22,10,12,,,,,,,
FALSE,PIU25,M,C,Piura,Q-M242*,13,15,16,31,13,30,23,10,14,13,14,11,11,19,17,16,25,11,11,16,16,23,10,12,,,,,,,
FALSE,PIU26,M,D4h3a,Piura,Q-M3,13,15,17,32,14,32,24,10,14,13,14,11,13,20,15,16,26,11,11,19,16,22,10,12,,,,,,,
FALSE,PIU27,M,D1,Piura,Q,--,--,--,--,--,--,--,--,--,--,--,--,--,--,--,--,--,--,--,--,--,--,--,--,,,,,,,
FALSE,PIU28,M,C,Piura,Q-M3,14,15,15,30,14,30,24,10,14,14,14,12,12,20,15,16,25,11,13,16,20,22,10,12,,,,,,,
FALSE,PIU29,M,B2,Piura,Q-M3,13,15,17,32,14,31,24,10,14,11,14,11,11,20,15,17,25,12,13,18,17,23,11,12,,,,,,,
FALSE,PIU30,M,B2b,Piura,Q-M3,13,13,17,30,14,31,24,10,14,13,14,11,13,22,16,18,24,11,13,17,18,22,10,12,,,,,,,
FALSE,PIU31,M,A2+(64),Piura,Q-M3,14,14,16,30,14,31,25,10,14,13,14,11,12,20,15,16,24,11,13,16,16,22,10,12,,,,,,,
FALSE,PIU32,M,D1,Piura,Q-M3,14,14,15,29,14,30,24,10,14,14,14,12,12,20,15,16,25,11,13,16,18,22,10,12,,,,,,,
FALSE,PIU33,M,D4h3a,Piura,Q-M3,13,13,17,30,13,31,23,10,14,13,15,11,12,20,15,17,23,12,14,19,19,22,10,12,,,,,,,
FALSE,PIU34,M,B2b,Piura,Q-M3,13,14,17,31,13,30,24,10,14,13,14,11,12,19,15,16,27,11,12,17,17,20,10,12,,,,,,,
FALSE,PIU35,M,A2+(64),Piura,Q-M3,13,14,17,31,13,30,24,10,14,13,14,11,12,19,15,16,27,11,12,17,17,20,10,12,,,,,,,
FALSE,PIU36,M,A2+(64),Piura,Q-M3,14,14,16,30,14,31,25,10,14,13,14,11,12,20,15,16,24,11,13,16,16,22,10,12,,,,,,,
FALSE,PIU37,F,D1,Piura,--,--,--,--,--,--,--,--,--,--,--,--,--,--,--,--,--,--,--,--,--,--,--,--,--,,,,,,,
FALSE,PIU38,M,D1,Piura,R-M207,--,--,--,--,--,--,--,--,--,--,--,--,--,--,--,--,--,--,--,--,--,--,--,--,,,,,,,
FALSE,PIU39,M,C1b,Piura,E-P170,--,--,--,--,--,--,--,--,--,--,--,--,--,--,--,--,--,--,--,--,--,--,--,--,,,,,,,
FALSE,PIU40,M,D1h,Piura,"FTdeR-M207,KTanc",--,--,--,--,--,--,--,--,--,--,--,--,--,--,--,--,--,--,--,--,--,--,--,--,,,,,,,
FALSE,PIU41,M,A2+(64),Piura,"FTdeR-M207,KTanc",--,--,--,--,--,--,--,--,--,--,--,--,--,--,--,--,--,--,--,--,--,--,--,--,,,,,,,
FALSE,PIU42,M,C,Piura,E-P170,--,--,--,--,--,--,--,--,--,--,--,--,--,--,--,--,--,--,--,--,--,--,--,--,,,,,,,
FALSE,PIU43,M,B2b,Piura,R-M207,--,--,--,--,--,--,--,--,--,--,--,--,--,--,--,--,--,--,--,--,--,--,--,--,,,,,,,
FALSE,PIU44,F,L3d1a1a,Piura,--,--,--,--,--,--,--,--,--,--,--,--,--,--,--,--,--,--,--,--,--,--,--,--,--,,,,,,,
FALSE,PIU45,M,B2b+152,Piura,R-M207,--,--,--,--,--,--,--,--,--,--,--,--,--,--,--,--,--,--,--,--,--,--,--,--,,,,,,,
FALSE,PIU46,M,B2b,Piura,R-M207,--,--,--,--,--,--,--,--,--,--,--,--,--,--,--,--,--,--,--,--,--,--,--,--,,,,,,,
FALSE,PIU47,M,A2+(64),Piura,Q-M3,13,14,17,31,13,30,24,10,14,13,14,11,12,19,15,16,27,13,13,17,17,20,10,12,,,,,,,
FALSE,LAM01,M,A2+(64),Lambayeque,Q-M3,13,11,17,28,14,31,24,10,14,13,14,11,13,22,17,18,24,11,14,17,18,22,10,12,,,,,,,
FALSE,LAM02,F,A2+(64),Lambayeque,--,--,--,--,--,--,--,--,--,--,--,--,--,--,--,--,--,--,--,--,--,--,--,--,--,,,,,,,
FALSE,LAM03,F,D1,Lambayeque,--,--,--,--,--,--,--,--,--,--,--,--,--,--,--,--,--,--,--,--,--,--,--,--,--,,,,,,,
FALSE,LAM04,M,B2,Lambayeque,Q-M3,13,14,17,31,13,30,24,10,14,13,14,11,12,19,15,16,27,11,12,17,17,20,10,12,,,,,,,
FALSE,Lam05,M,B2b,Lambayeque,Q-M3,13,14,17,31,14,31,24,10,14,14,14,11,13,20,15,15,27,13,11,15,17,22,10,12,,,,,,,
FALSE,Lam06,M,B2b,Lambayeque,R-M207,--,--,--,--,--,--,--,--,--,--,--,--,--,--,--,--,--,--,--,--,--,--,--,--,,,,,,,
FALSE,Lam07,M,B2b,Lambayeque,Q-M3,13,18,18,36,13,29,24,10,14,13,14,11,14,20,15,16,25,10,12,19,18,23,10,13,,,,,,,
FALSE,LAM08,M,A2+(64),Lambayeque,R-M207,--,--,--,--,--,--,--,--,--,--,--,--,--,--,--,--,--,--,--,--,--,--,--,--,,,,,,,
FALSE,LAM09,M,B2b,Lambayeque,Q-M3,14,14,17,31,14,31,23,11,14,13,14,11,13,19,14,17,24,12,12,17,18,22,10,11,,,,,,,
FALSE,LAM10,M,A2+(64),Lambayeque,Q-M3,13,14,19,33,13,30,25,10,15,13,14,11,12,19,16,15,27,11,12,17,17,20,10,12,,,,,,,
FALSE,LAM11,M,B2b,Lambayeque,Q-M3,13,15,15,30,14,33,24,11,14,13,14,11,13,21,16,16,26,12,12,16,18,22,10,12,,,,,,,
FALSE,LAM12,M,A2+(64),Lambayeque,Q-M3,14,14,17,31,13,30,23,10,14,13,14,11,13,20,14,17,24,12,12,17,18,22,10,11,,,,,,,
FALSE,LAM13,M,B2b,Lambayeque,Q-M3,13,15,15,30,14,33,24,11,14,13,14,11,12,21,16,16,26,12,12,16,18,22,10,12,,,,,,,
FALSE,LAM14,F,B2b,Lambayeque,--,--,--,--,--,--,--,--,--,--,--,--,--,--,--,--,--,--,--,--,--,--,--,--,--,,,,,,,
FALSE,LAM15,M,B2b,Lambayeque,Q-M3,14,14,17,31,13,30,23,10,14,13,14,11,13,20,14,17,24,12,12,17,18,22,10,11,,,,,,,
FALSE,LAM16,F,B2b,Lambayeque,--,--,--,--,--,--,--,--,--,--,--,--,--,--,--,--,--,--,--,--,--,--,--,--,--,,,,,,,
FALSE,LAM17,M,D1,Lambayeque,Q-M3,13,15,15,30,14,33,24,11,14,13,14,11,12,21,16,16,26,12,12,16,18,22,10,12,,,,,,,
FALSE,LAM18,F,B2b,Lambayeque,--,--,--,--,--,--,--,--,--,--,--,--,--,--,--,--,--,--,--,--,--,--,--,--,--,,,,,,,
FALSE,LAM19,M,C,Lambayeque,R-M207,--,--,--,--,--,--,--,--,--,--,--,--,--,--,--,--,--,--,--,--,--,--,--,--,,,,,,,
FALSE,LAM20,M,A2+(64),Lambayeque,Q-M3,13,14,15,29,14,33,24,11,14,13,14,11,12,21,16,16,26,12,12,16,18,22,10,12,,,,,,,
FALSE,LAM21,F,B2,Lambayeque,--,--,--,--,--,--,--,--,--,--,--,--,--,--,--,--,--,--,--,--,--,--,--,--,--,,,,,,,
FALSE,LAM22,M,B2b,Lambayeque,Q-M3,13,14,18,32,13,31,24,10,13,13,14,11,12,20,15,17,27,11,11,16,19,22,10,12,,,,,,,
FALSE,LAM23,M,B2b,Lambayeque,Q-M3,13,14,16,30,14,32,24,NA,14,13,14,11,12,20,16,16,22,11,12,17,20,22,9,13,,,,,,,
FALSE,LAM24,M,D1,Lambayeque,Q-M3,13,15,16,31,14,31,24,11,14,13,14,11,12,20,17,15,26,12,12,16,19,22,10,12,,,,,,,
FALSE,LAM25,M,--,Lambayeque,Q-M3,13,14,15,29,13,30,24,11,14,13,14,11,11,20,15,19,24,11,12,17,16,23,10,11,,,,,,,
FALSE,LAM26,M,B2,Lambayeque,Q-M3,13,15,16,31,14,31,24,11,14,13,14,11,11,20,17,15,26,12,12,16,18,22,10,12,,,,,,,
FALSE,LAM27,M,B2,Lambayeque,Q-M3,13,15,16,31,15,32,24,11,14,13,14,11,12,20,17,15,26,12,12,16,18,22,10,11,,,,,,,
FALSE,LAM28,M,B2,Lambayeque,Q-M3,13,15,16,31,14,31,24,11,14,13,14,11,12,20,17,15,25,12,13,16,18,22,10,12,,,,,,,
FALSE,LAM29,M,B2,Lambayeque,Q-M3,14,14,14,28,14,31,24,10,14,14,14,11,12,19,16,17,23,11,12,19,18,23,11,12,,,,,,,
FALSE,LAM30,M,D1,Lambayeque,Q-M3,13,15,16,31,14,31,24,11,14,13,14,11,12,20,17,15,26,12,12,16,18,22,10,12,,,,,,,
FALSE,LAM31,M,D1,Lambayeque,Q-M3,13,14,20,34,13,30,24,10,14,13,15,11,12,21,15,15,25,11,11,19,19,23,10,12,,,,,,,
FALSE,LAM32,M,D1,Lambayeque,Q-M3,14,14,16,30,14,31,25,10,14,14,14,11,13,20,15,16,24,11,13,16,16,22,10,12,,,,,,,
FALSE,LAM33,M,B2,Lambayeque,Q-M3,13,15,16,31,14,31,24,10,14,13,14,11,12,20,17,15,25,12,13,16,18,22,10,12,,,,,,,
FALSE,LAM34,M,D1,Lambayeque,Q-M3,13,15,16,31,14,31,24,11,14,13,14,11,12,20,17,15,25,12,12,16,18,22,10,11,,,,,,,
FALSE,LAM35,M,C,Lambayeque,Q-M3,13,14,17,31,13,30,24,10,14,13,14,11,12,19,15,17,27,11,12,17,17,20,10,12,,,,,,,
FALSE,LAM36,F,D1,Lambayeque,--,--,--,--,--,--,--,--,--,--,--,--,--,--,--,--,--,--,--,--,--,--,--,--,--,,,,,,,
FALSE,LAM37,M,L3b1a1a,Lambayeque,Q-M3,13,15,16,31,14,31,24,11,14,13,14,11,12,20,17,15,25,12,13,16,18,22,10,12,,,,,,,
FALSE,LAL01,F,C,Cao,--,--,--,--,--,--,--,--,--,--,--,--,--,--,--,--,--,--,--,--,--,--,--,--,--,,,,,,,
FALSE,LAL02,M,A2+(64)+@153,Cao,"FTdeR-M207,KTanc",--,--,--,--,--,--,--,--,--,--,--,--,--,--,--,--,--,--,--,--,--,--,--,--,,,,,,,
FALSE,LAL03,M,C,Cao,Q-M242*,13,15,18,33,14,31,24,9,14,14,14,10,11,20,18,16,24,11,14,17,17,22,10,11,,,,,,,
FALSE,LAL04,M,L3e1a2,Cao,KLT-M9 (xQR-M207-M45),--,--,--,--,--,--,--,--,--,--,--,--,--,--,--,--,--,--,--,--,--,--,--,--,,,,,,,
FALSE,LAL05,M,L3e1a2,Cao,KLT-M9 (xQR-M207-M45),--,--,--,--,--,--,--,--,--,--,--,--,--,--,--,--,--,--,--,--,--,--,--,--,,,,,,,
FALSE,LAL06,F,A2aa,Cao,--,--,--,--,--,--,--,--,--,--,--,--,--,--,--,--,--,--,--,--,--,--,--,--,--,,,,,,,
FALSE,LAL07,F,D1,Cao,--,--,--,--,--,--,--,--,--,--,--,--,--,--,--,--,--,--,--,--,--,--,--,--,--,,,,,,,
FALSE,LAL08,F,D1,Cao,--,--,--,--,--,--,--,--,--,--,--,--,--,--,--,--,--,--,--,--,--,--,--,--,--,,,,,,,
FALSE,LAL09,M,D1,Cao,R-M207,--,--,--,--,--,--,--,--,--,--,--,--,--,--,--,--,--,--,--,--,--,--,--,--,,,,,,,
FALSE,LAL10,M,D1,Cao,R-M207,--,--,--,--,--,--,--,--,--,--,--,--,--,--,--,--,--,--,--,--,--,--,--,--,,,,,,,
FALSE,LAL11,M,B2y,Cao,R-M207,--,--,--,--,--,--,--,--,--,--,--,--,--,--,--,--,--,--,--,--,--,--,--,--,,,,,,,
FALSE,LAL12,F,B2y,Cao,--,--,--,--,--,--,--,--,--,--,--,--,--,--,--,--,--,--,--,--,--,--,--,--,--,,,,,,,
FALSE,LAL13,M,B2q,Cao,R-M207,--,--,--,--,--,--,--,--,--,--,--,--,--,--,--,--,--,--,--,--,--,--,--,--,,,,,,,
FALSE,LAL14,F,D1,Cao,--,--,--,--,--,--,--,--,--,--,--,--,--,--,--,--,--,--,--,--,--,--,--,--,--,,,,,,,
FALSE,LAL15,F,B2b,Cao,--,--,--,--,--,--,--,--,--,--,--,--,--,--,--,--,--,--,--,--,--,--,--,--,--,,,,,,,
FALSE,LAL16,F,B2l,Cao,--,--,--,--,--,--,--,--,--,--,--,--,--,--,--,--,--,--,--,--,--,--,--,--,--,,,,,,,
FALSE,LAL17,M,--,Cao,Q,--,--,--,--,--,--,--,--,--,--,--,--,--,--,--,--,--,--,--,--,--,--,--,--,,,,,,,
FALSE,LAL18,M,C,Cao,R-M207,--,--,--,--,--,--,--,--,--,--,--,--,--,--,--,--,--,--,--,--,--,--,--,--,,,,,,,
FALSE,LAL19,F,B2l,Cao,--,--,--,--,--,--,--,--,--,--,--,--,--,--,--,--,--,--,--,--,--,--,--,--,--,,,,,,,
FALSE,LAL20,M,C,Cao,KLT-M9 (xQR-M207-M45),--,--,--,--,--,--,--,--,--,--,--,--,--,--,--,--,--,--,--,--,--,--,--,--,,,,,,,
FALSE,LAL21,M,D1,Cao,"FTdeR-M207,KTanc",--,--,--,--,--,--,--,--,--,--,--,--,--,--,--,--,--,--,--,--,--,--,--,--,,,,,,,
FALSE,LAL22,F,B2b,Cao,--,--,--,--,--,--,--,--,--,--,--,--,--,--,--,--,--,--,--,--,--,--,--,--,--,,,,,,,
FALSE,LAL23,F,L2a1f,Cao,--,--,--,--,--,--,--,--,--,--,--,--,--,--,--,--,--,--,--,--,--,--,--,--,--,,,,,,,
FALSE,LAL24,M,A2ac,Cao,Q-M3,13,13,16,29,13,30,24,11,13,13,14,11,10,19,15,17,26,12,11,19,19,22,10,11,,,,,,,
FALSE,LAL25,F,C,Cao,--,--,--,--,--,--,--,--,--,--,--,--,--,--,--,--,--,--,--,--,--,--,--,--,--,,,,,,,
FALSE,LAL26,F,D1,Cao,--,--,--,--,--,--,--,--,--,--,--,--,--,--,--,--,--,--,--,--,--,--,--,--,--,,,,,,,
FALSE,LAL27,M,B2b,Cao,Q-M3,13,14,17,31,13,29,24,10,14,13,15,11,12,19,15,20,26,11,11,17,17,23,10,12,,,,,,,
FALSE,LAL28,M,B2,Cao,"FTdeR-M207,KTanc",--,--,--,--,--,--,--,--,--,--,--,--,--,--,--,--,--,--,--,--,--,--,--,--,,,,,,,
FALSE,LAL29,F,D1,Cao,--,--,--,--,--,--,--,--,--,--,--,--,--,--,--,--,--,--,--,--,--,--,--,--,--,,,,,,,
FALSE,LAL30,M,B2b,Cao,Q-M3,13,15,15,30,10,29,24,11,14,13,14,11,13,21,16,16,26,12,12,16,20,22,10,12,,,,,,,
FALSE,LAL31,M,D4h3a,Cao,Q-M3,13,15,17,32,13,32,21,10,14,13,14,11,12,20,15,18,24,12,12,17,19,22,11,11,,,,,,,
,,,,,,,,,,,,,,,,,,,,,,,,,,,,,,,,,,,,
,,,,,,,,,,,,,,,,,,,,,,,,,,,,,,,,,,,,
,,,,,,,,,,,,,,,,,,,,,,,,,,,,,,,,,,,,
Legend:,,,,,,,,,,,,,,,,,,,,,,,,,,,,,,,,,,,,
Q: not possible to distinguish between Q-M3 and  Q-M242*,,,,,,,,,,,,,,,,,,,,,,,,,,,,,,,,,,,,